node_id,value
grn0,0.6076961007516475
grn1,0.6693773066892854
grn2,0.5970852889617932
grn3,0.8165970672496445
grn4,0.8123780232426353
grn5,0.8254550385925934
grn6,0.8222811570776326
