node_id,value
grn0,0.6080135899404416
grn1,0.6778555297246805
grn2,0.6118844499627417
grn3,0.820360973156812
grn4,0.8171958121109225
grn5,0.8240320911215709
grn6,0.8197851536821597
